,,,,nation,pos,age,born,Playing Time,Playing Time,Playing Time,Playing Time,Performance,Performance,Performance,Performance,Performance,Performance,Performance,Performance,Expected,Expected,Expected,Expected,Progression,Progression,Progression,Per 90 Minutes,Per 90 Minutes,Per 90 Minutes,Per 90 Minutes,Per 90 Minutes,Per 90 Minutes,Per 90 Minutes,Per 90 Minutes,Per 90 Minutes,Per 90 Minutes
,,,,,,,,MP,Starts,Min,90s,Gls,Ast,G+A,G-PK,PK,PKatt,CrdY,CrdR,xG,npxG,xAG,npxG+xAG,PrgC,PrgP,PrgR,Gls,Ast,G+A,G-PK,G+A-PK,xG,xAG,xG+xAG,npxG,npxG+xAG
league,season,team,player,,,,,,,,,,,,,,,,,,,,,,,,,,,,,,,,,
ENG-Premier League,2324,Arsenal,Ben White,ENG,DF,25,1997,37,35,2988,33.2,4,4,8,4,0,0,8,0,1.2,1.2,3.8,5.0,44,192,162,0.12,0.12,0.24,0.12,0.24,0.03,0.11,0.15,0.03,0.15
ENG-Premier League,2324,Arsenal,Bukayo Saka,ENG,FW,21,2001,35,35,2919,32.4,16,9,25,10,6,6,4,0,15.5,10.8,10.5,21.2,155,126,508,0.49,0.28,0.77,0.31,0.59,0.48,0.32,0.8,0.33,0.65
ENG-Premier League,2324,Arsenal,David Raya,ESP,GK,27,1995,32,32,2880,32.0,0,0,0,0,0,0,2,0,0.0,0.0,0.0,0.0,0,2,0,0.0,0.0,0.0,0.0,0.0,0.0,0.0,0.0,0.0,0.0
ENG-Premier League,2324,Arsenal,Declan Rice,ENG,MF,24,1999,38,37,3225,35.8,7,8,15,7,0,0,5,0,3.3,3.3,5.3,8.6,75,278,64,0.2,0.22,0.42,0.2,0.42,0.09,0.15,0.24,0.09,0.24
ENG-Premier League,2324,Arsenal,Gabriel Magalhães,BRA,DF,25,1997,36,34,3044,33.8,4,0,4,4,0,0,4,0,4.3,4.3,0.7,5.0,13,117,8,0.12,0.0,0.12,0.12,0.12,0.13,0.02,0.15,0.13,0.15
ENG-Premier League,2324,Arsenal,Kai Havertz,GER,"MF,FW",24,1999,37,30,2634,29.3,13,7,20,12,1,1,11,0,12.3,11.6,4.4,15.9,55,99,191,0.44,0.24,0.68,0.41,0.65,0.42,0.15,0.57,0.39,0.54
ENG-Premier League,2324,Arsenal,Martin Ødegaard,NOR,MF,24,1998,35,35,3091,34.3,8,10,18,6,2,2,2,0,7.4,5.8,9.6,15.5,91,344,202,0.23,0.29,0.52,0.17,0.47,0.22,0.28,0.5,0.17,0.45
ENG-Premier League,2324,Arsenal,William Saliba,FRA,DF,22,2001,38,38,3420,38.0,2,1,3,2,0,0,4,0,1.6,1.6,0.2,1.8,16,157,6,0.05,0.03,0.08,0.05,0.08,0.04,0.01,0.05,0.04,0.05
ENG-Premier League,2324,Aston Villa,Douglas Luiz,BRA,MF,25,1998,35,35,2993,33.3,9,5,14,5,4,4,12,0,6.9,3.8,5.4,9.2,60,168,50,0.27,0.15,0.42,0.15,0.3,0.21,0.16,0.37,0.11,0.28
ENG-Premier League,2324,Aston Villa,Emiliano Martínez,ARG,GK,30,1992,34,34,3015,33.5,0,0,0,0,0,0,4,0,0.0,0.0,0.0,0.0,0,2,0,0.0,0.0,0.0,0.0,0.0,0.0,0.0,0.0,0.0,0.0
ENG-Premier League,2324,Aston Villa,Ezri Konsa,ENG,DF,25,1997,35,35,3069,34.1,1,0,1,1,0,0,5,0,2.5,2.5,0.5,3.0,37,136,33,0.03,0.0,0.03,0.03,0.03,0.07,0.02,0.09,0.07,0.09
ENG-Premier League,2324,Aston Villa,John McGinn,SCO,"MF,FW",28,1994,35,35,2999,33.3,6,4,10,6,0,0,9,1,5.0,5.0,4.6,9.6,59,189,84,0.18,0.12,0.3,0.18,0.3,0.15,0.14,0.29,0.15,0.29
ENG-Premier League,2324,Aston Villa,Lucas Digne,FRA,DF,30,1993,33,27,2410,26.8,1,3,4,1,0,0,7,0,1.1,1.1,4.1,5.2,42,77,200,0.04,0.11,0.15,0.04,0.15,0.04,0.15,0.19,0.04,0.19
ENG-Premier League,2324,Aston Villa,Ollie Watkins,ENG,FW,27,1995,37,37,3217,35.7,19,13,32,19,0,0,4,0,16.8,16.8,7.3,24.2,62,55,214,0.53,0.36,0.9,0.53,0.9,0.47,0.21,0.68,0.47,0.68
ENG-Premier League,2324,Aston Villa,Pau Torres,ESP,DF,26,1997,29,27,2464,27.4,2,0,2,2,0,0,1,0,1.0,1.0,0.4,1.4,42,128,16,0.07,0.0,0.07,0.07,0.07,0.04,0.02,0.05,0.04,0.05
ENG-Premier League,2324,Bournemouth,Dominic Solanke,ENG,FW,25,1997,38,37,3325,36.9,19,3,22,17,2,3,3,0,19.6,17.2,3.0,20.3,52,60,184,0.51,0.08,0.6,0.46,0.54,0.53,0.08,0.61,0.47,0.55
ENG-Premier League,2324,Bournemouth,Illia Zabarnyi,UKR,DF,20,2002,37,37,3330,37.0,1,0,1,1,0,0,5,0,1.1,1.1,0.4,1.5,24,109,1,0.03,0.0,0.03,0.03,0.03,0.03,0.01,0.04,0.03,0.04
ENG-Premier League,2324,Bournemouth,Lewis Cook,ENG,MF,26,1997,33,32,2786,31.0,0,3,3,0,0,0,5,1,0.4,0.4,4.3,4.6,22,142,15,0.0,0.1,0.1,0.0,0.1,0.01,0.14,0.15,0.01,0.15
ENG-Premier League,2324,Bournemouth,Neto,BRA,GK,34,1989,32,32,2880,32.0,0,0,0,0,0,0,5,0,0.0,0.0,0.0,0.0,0,0,0,0.0,0.0,0.0,0.0,0.0,0.0,0.0,0.0,0.0,0.0
ENG-Premier League,2324,Bournemouth,Ryan Christie,SCO,MF,28,1995,37,35,2907,32.3,0,5,5,0,0,0,6,0,2.3,2.3,5.4,7.7,60,167,78,0.0,0.15,0.15,0.0,0.15,0.07,0.17,0.24,0.07,0.24
ENG-Premier League,2324,Brentford,Christian Nørgaard,DEN,MF,29,1994,31,30,2505,27.8,2,1,3,2,0,0,8,0,3.5,3.5,1.9,5.4,15,161,42,0.07,0.04,0.11,0.07,0.11,0.12,0.07,0.19,0.12,0.19
ENG-Premier League,2324,Brentford,Ethan Pinnock,JAM,DF,30,1993,29,28,2521,28.0,2,0,2,2,0,0,1,0,2.0,2.0,1.0,3.0,11,61,16,0.07,0.0,0.07,0.07,0.07,0.07,0.04,0.11,0.07,0.11
ENG-Premier League,2324,Brentford,Mark Flekken,NED,GK,30,1993,37,37,3285,36.5,0,1,1,0,0,0,3,0,0.0,0.0,0.5,0.5,0,5,0,0.0,0.03,0.03,0.0,0.03,0.0,0.01,0.01,0.0,0.01
ENG-Premier League,2324,Brentford,Nathan Collins,IRL,DF,22,2001,32,29,2652,29.5,1,1,2,1,0,0,3,0,1.7,1.7,2.2,3.9,11,97,18,0.03,0.03,0.07,0.03,0.07,0.06,0.07,0.13,0.06,0.13
ENG-Premier League,2324,Brentford,Vitaly Janelt,GER,"MF,DF",25,1998,38,37,3054,33.9,1,3,4,1,0,0,8,0,1.8,1.8,4.8,6.5,25,123,81,0.03,0.09,0.12,0.03,0.12,0.05,0.14,0.19,0.05,0.19
ENG-Premier League,2324,Brentford,Yoane Wissa,COD,FW,26,1996,34,29,2493,27.7,12,3,15,12,0,0,7,0,10.6,10.6,3.9,14.5,45,48,150,0.43,0.11,0.54,0.43,0.54,0.38,0.14,0.52,0.38,0.52
ENG-Premier League,2324,Brighton,Jan Paul van Hecke,NED,DF,23,2000,28,26,2369,26.3,0,0,0,0,0,0,4,0,1.2,1.2,0.9,2.1,25,147,7,0.0,0.0,0.0,0.0,0.0,0.05,0.03,0.08,0.05,0.08
ENG-Premier League,2324,Brighton,Lewis Dunk,ENG,DF,31,1991,33,33,2869,31.9,3,1,4,3,0,0,7,1,3.1,3.1,0.9,4.0,33,152,13,0.09,0.03,0.13,0.09,0.13,0.1,0.03,0.12,0.1,0.12
ENG-Premier League,2324,Brighton,Pascal Groß,GER,"MF,DF",32,1991,36,34,3114,34.6,4,10,14,3,1,1,6,0,6.5,5.7,8.1,13.8,83,302,180,0.12,0.29,0.4,0.09,0.38,0.19,0.24,0.42,0.16,0.4
ENG-Premier League,2324,Burnley,Charlie Taylor,ENG,DF,29,1993,28,25,2331,25.9,1,1,2,1,0,0,8,0,0.2,0.2,1.2,1.5,36,82,81,0.04,0.04,0.08,0.04,0.08,0.01,0.05,0.06,0.01,0.06
ENG-Premier League,2324,Burnley,Dara O'Shea,IRL,DF,24,1999,33,32,2892,32.1,3,4,7,3,0,0,5,1,0.7,0.7,2.0,2.7,32,122,10,0.09,0.12,0.22,0.09,0.22,0.02,0.06,0.08,0.02,0.08
ENG-Premier League,2324,Burnley,James Trafford,ENG,GK,20,2002,28,28,2520,28.0,0,0,0,0,0,0,2,0,0.0,0.0,0.0,0.0,0,6,0,0.0,0.0,0.0,0.0,0.0,0.0,0.0,0.0,0.0,0.0
ENG-Premier League,2324,Burnley,Sander Berge,NOR,MF,25,1998,37,34,3005,33.4,1,2,3,1,0,0,10,1,1.9,1.9,2.4,4.3,64,164,29,0.03,0.06,0.09,0.03,0.09,0.06,0.07,0.13,0.06,0.13
ENG-Premier League,2324,Burnley,Vitinho,BRA,"DF,MF",24,1999,32,26,2314,25.7,0,2,2,0,0,0,1,0,1.6,1.6,1.3,2.9,59,66,110,0.0,0.08,0.08,0.0,0.08,0.06,0.05,0.11,0.06,0.11
ENG-Premier League,2324,Chelsea,Axel Disasi,FRA,DF,25,1998,31,29,2579,28.7,2,0,2,2,0,0,6,0,2.4,2.4,0.3,2.7,30,112,21,0.07,0.0,0.07,0.07,0.07,0.08,0.01,0.09,0.08,0.09
ENG-Premier League,2324,Chelsea,Cole Palmer,ENG,"FW,MF",21,2002,33,29,2607,29.0,22,11,33,13,9,9,7,0,18.2,11.1,11.1,22.2,117,197,195,0.76,0.38,1.14,0.45,0.83,0.63,0.38,1.01,0.38,0.77
ENG-Premier League,2324,Chelsea,Conor Gallagher,ENG,MF,23,2000,37,37,3128,34.8,5,7,12,5,0,0,9,1,4.2,4.2,5.0,9.2,62,172,122,0.14,0.2,0.35,0.14,0.35,0.12,0.15,0.27,0.12,0.27
ENG-Premier League,2324,Chelsea,Moisés Caicedo,ECU,MF,21,2001,35,33,2866,31.8,1,3,4,1,0,0,11,0,0.4,0.4,2.6,3.0,27,173,27,0.03,0.09,0.13,0.03,0.13,0.01,0.08,0.09,0.01,0.09
ENG-Premier League,2324,Chelsea,Nicolas Jackson,SEN,FW,22,2001,35,31,2799,31.1,14,5,19,14,0,0,10,0,18.6,18.6,4.3,22.9,70,67,200,0.45,0.16,0.61,0.45,0.61,0.6,0.14,0.74,0.6,0.74
ENG-Premier League,2324,Chelsea,Thiago Silva,BRA,DF,38,1984,31,28,2527,28.1,3,1,4,3,0,0,4,0,0.8,0.8,1.0,1.8,2,102,5,0.11,0.04,0.14,0.11,0.14,0.03,0.04,0.06,0.03,0.06
ENG-Premier League,2324,Crystal Palace,Jean-Philippe Mateta,FRA,FW,26,1997,35,25,2282,25.4,16,5,21,14,2,2,3,0,10.9,9.4,3.1,12.5,29,25,135,0.63,0.2,0.83,0.55,0.75,0.43,0.12,0.56,0.37,0.49
ENG-Premier League,2324,Crystal Palace,Jefferson Lerma,COL,"MF,DF",28,1994,28,27,2400,26.7,1,1,2,1,0,0,8,0,2.7,2.7,2.2,4.8,14,106,51,0.04,0.04,0.07,0.04,0.07,0.1,0.08,0.18,0.1,0.18
ENG-Premier League,2324,Crystal Palace,Joachim Andersen,DEN,DF,27,1996,38,38,3415,37.9,2,3,5,2,0,0,7,0,1.7,1.7,2.8,4.5,21,147,10,0.05,0.08,0.13,0.05,0.13,0.04,0.07,0.12,0.04,0.12
ENG-Premier League,2324,Crystal Palace,Jordan Ayew,GHA,"FW,MF",31,1991,35,30,2543,28.3,4,7,11,4,0,0,9,1,3.9,3.9,4.2,8.1,74,63,173,0.14,0.25,0.39,0.14,0.39,0.14,0.15,0.29,0.14,0.29
ENG-Premier League,2324,Crystal Palace,Tyrick Mitchell,ENG,"DF,MF",23,1999,37,37,3204,35.6,2,3,5,2,0,0,6,0,1.6,1.6,2.8,4.4,32,94,159,0.06,0.08,0.14,0.06,0.14,0.04,0.08,0.12,0.04,0.12
ENG-Premier League,2324,Everton,Abdoulaye Doucouré,MLI,"FW,MF",30,1993,32,32,2629,29.2,7,1,8,7,0,0,7,0,8.8,8.8,2.9,11.6,55,97,140,0.24,0.03,0.27,0.24,0.27,0.3,0.1,0.4,0.3,0.4
ENG-Premier League,2324,Everton,Ashley Young,ENG,"DF,MF",38,1985,31,27,2280,25.3,0,0,0,0,0,0,7,1,0.6,0.6,1.5,2.1,40,82,61,0.0,0.0,0.0,0.0,0.0,0.02,0.06,0.08,0.02,0.08
ENG-Premier League,2324,Everton,Dwight McNeil,ENG,"MF,FW",23,1999,35,33,2892,32.1,3,6,9,3,0,0,2,0,3.4,3.4,8.8,12.2,80,114,147,0.09,0.19,0.28,0.09,0.28,0.11,0.27,0.38,0.11,0.38
ENG-Premier League,2324,Everton,James Garner,ENG,MF,22,2001,37,34,3004,33.4,1,2,3,1,0,0,7,0,2.7,2.7,4.6,7.3,36,100,76,0.03,0.06,0.09,0.03,0.09,0.08,0.14,0.22,0.08,0.22
ENG-Premier League,2324,Everton,James Tarkowski,ENG,DF,30,1992,38,38,3419,38.0,1,1,2,1,0,0,11,0,2.6,2.6,2.5,5.1,15,130,20,0.03,0.03,0.05,0.03,0.05,0.07,0.06,0.13,0.07,0.13
ENG-Premier League,2324,Everton,Jarrad Branthwaite,ENG,DF,21,2002,35,35,3116,34.6,3,0,3,3,0,0,8,0,1.7,1.7,1.0,2.8,2,74,6,0.09,0.0,0.09,0.09,0.09,0.05,0.03,0.08,0.05,0.08
ENG-Premier League,2324,Everton,Jordan Pickford,ENG,GK,29,1994,38,38,3420,38.0,0,0,0,0,0,0,5,0,0.0,0.0,0.1,0.1,1,6,0,0.0,0.0,0.0,0.0,0.0,0.0,0.0,0.0,0.0,0.0
ENG-Premier League,2324,Everton,Vitaliy Mykolenko,UKR,DF,24,1999,28,28,2469,27.4,2,0,2,2,0,0,1,0,1.5,1.5,0.9,2.4,14,55,68,0.07,0.0,0.07,0.07,0.07,0.06,0.03,0.09,0.06,0.09
ENG-Premier League,2324,Fulham,Andreas Pereira,BRA,MF,27,1996,37,34,2613,29.0,3,7,10,3,0,0,6,0,4.6,4.6,7.1,11.7,56,138,125,0.1,0.24,0.34,0.1,0.34,0.16,0.24,0.4,0.16,0.4
ENG-Premier League,2324,Fulham,Antonee Robinson,USA,DF,25,1997,37,37,3265,36.3,0,6,6,0,0,0,6,0,0.7,0.7,4.2,4.8,99,129,194,0.0,0.17,0.17,0.0,0.17,0.02,0.11,0.13,0.02,0.13
ENG-Premier League,2324,Fulham,Bernd Leno,GER,GK,31,1992,38,38,3420,38.0,0,0,0,0,0,0,3,0,0.0,0.0,0.0,0.0,0,0,0,0.0,0.0,0.0,0.0,0.0,0.0,0.0,0.0,0.0,0.0
ENG-Premier League,2324,Fulham,Calvin Bassey,NGA,DF,23,1999,29,25,2303,25.6,1,0,1,1,0,0,6,1,0.3,0.3,0.0,0.4,15,62,4,0.04,0.0,0.04,0.04,0.04,0.01,0.0,0.01,0.01,0.01
ENG-Premier League,2324,Fulham,João Palhinha,POR,MF,28,1995,33,31,2699,30.0,4,1,5,4,0,0,13,0,3.3,3.3,0.8,4.1,8,97,14,0.13,0.03,0.17,0.13,0.17,0.11,0.03,0.14,0.11,0.14
ENG-Premier League,2324,Fulham,Timothy Castagne,BEL,DF,27,1995,34,29,2634,29.3,1,3,4,1,0,0,3,0,1.6,1.6,1.9,3.5,48,77,113,0.03,0.1,0.14,0.03,0.14,0.06,0.07,0.12,0.06,0.12
ENG-Premier League,2324,Liverpool,Alexis Mac Allister,ARG,MF,24,1998,33,31,2599,28.9,5,5,10,4,1,1,7,1,3.7,2.9,3.6,6.4,44,209,48,0.17,0.17,0.35,0.14,0.31,0.13,0.12,0.25,0.1,0.22
ENG-Premier League,2324,Liverpool,Alisson,BRA,GK,30,1992,28,28,2520,28.0,0,0,0,0,0,0,1,0,0.0,0.0,0.0,0.0,0,5,0,0.0,0.0,0.0,0.0,0.0,0.0,0.0,0.0,0.0,0.0
ENG-Premier League,2324,Liverpool,Luis Díaz,COL,FW,26,1997,37,32,2629,29.2,8,5,13,8,0,0,3,0,11.9,11.9,5.7,17.5,137,113,302,0.27,0.17,0.45,0.27,0.45,0.41,0.19,0.6,0.41,0.6
ENG-Premier League,2324,Liverpool,Mohamed Salah,EGY,FW,31,1992,32,28,2534,28.2,18,10,28,13,5,7,2,0,21.2,15.5,11.8,27.3,98,147,341,0.64,0.36,0.99,0.46,0.82,0.75,0.42,1.17,0.55,0.97
ENG-Premier League,2324,Liverpool,Virgil van Dijk,NED,DF,32,1991,36,36,3177,35.3,2,2,4,2,0,0,3,1,2.8,2.8,1.6,4.4,32,200,7,0.06,0.06,0.11,0.06,0.11,0.08,0.04,0.12,0.08,0.12
ENG-Premier League,2324,Luton Town,Alfie Doughty,ENG,DF,23,1999,37,34,2925,32.5,2,8,10,2,0,0,5,0,1.3,1.3,6.3,7.6,94,106,164,0.06,0.25,0.31,0.06,0.31,0.04,0.19,0.23,0.04,0.23
ENG-Premier League,2324,Luton Town,Carlton Morris,ENG,"FW,MF",27,1995,38,32,2862,31.8,11,4,15,6,5,5,4,0,11.4,7.5,2.8,10.2,37,56,120,0.35,0.13,0.47,0.19,0.31,0.36,0.09,0.45,0.23,0.32
ENG-Premier League,2324,Luton Town,Ross Barkley,ENG,MF,29,1993,32,30,2618,29.1,5,4,9,5,0,0,6,0,4.1,4.1,3.7,7.9,48,163,39,0.17,0.14,0.31,0.17,0.31,0.14,0.13,0.27,0.14,0.27
ENG-Premier League,2324,Luton Town,Teden Mengi,ENG,DF,21,2002,30,28,2469,27.4,1,0,1,1,0,0,3,0,0.6,0.6,0.3,0.9,15,54,1,0.04,0.0,0.04,0.04,0.04,0.02,0.01,0.03,0.02,0.03
ENG-Premier League,2324,Luton Town,Thomas Kaminski,BEL,GK,30,1992,38,38,3405,37.8,0,0,0,0,0,0,3,0,0.0,0.0,0.0,0.0,0,1,0,0.0,0.0,0.0,0.0,0.0,0.0,0.0,0.0,0.0,0.0
ENG-Premier League,2324,Manchester City,Bernardo Silva,POR,"MF,FW",28,1994,33,29,2578,28.6,6,9,15,6,0,0,8,0,3.7,3.7,7.6,11.3,140,177,260,0.21,0.31,0.52,0.21,0.52,0.13,0.27,0.4,0.13,0.4
ENG-Premier League,2324,Manchester City,Ederson,BRA,GK,29,1993,33,33,2785,30.9,0,0,0,0,0,0,5,0,0.0,0.0,0.1,0.1,0,4,0,0.0,0.0,0.0,0.0,0.0,0.0,0.0,0.0,0.0,0.0
ENG-Premier League,2324,Manchester City,Erling Haaland,NOR,FW,23,2000,31,29,2552,28.4,27,5,32,20,7,8,1,0,29.2,22.9,4.3,27.2,35,26,126,0.95,0.18,1.13,0.71,0.88,1.03,0.15,1.18,0.81,0.96
ENG-Premier League,2324,Manchester City,Joško Gvardiol,CRO,DF,21,2002,28,26,2328,25.9,4,1,5,4,0,0,3,0,3.1,3.1,1.4,4.5,63,136,115,0.15,0.04,0.19,0.15,0.19,0.12,0.06,0.18,0.12,0.18
ENG-Premier League,2324,Manchester City,Julián Álvarez,ARG,"MF,FW",23,2000,36,31,2647,29.4,11,8,19,9,2,2,2,0,13.0,11.5,6.4,17.9,64,103,180,0.37,0.27,0.65,0.31,0.58,0.44,0.22,0.66,0.39,0.61
ENG-Premier League,2324,Manchester City,Kyle Walker,ENG,DF,33,1990,32,30,2767,30.7,0,4,4,0,0,0,2,0,0.4,0.4,2.6,3.0,74,157,172,0.0,0.13,0.13,0.0,0.13,0.01,0.09,0.1,0.01,0.1
ENG-Premier League,2324,Manchester City,Manuel Akanji,SUI,"DF,MF",28,1995,30,28,2511,27.9,2,0,2,2,0,0,4,1,1.9,1.9,0.5,2.4,46,148,36,0.07,0.0,0.07,0.07,0.07,0.07,0.02,0.09,0.07,0.09
ENG-Premier League,2324,Manchester City,Phil Foden,ENG,"FW,MF",23,2000,35,33,2857,31.7,19,8,27,19,0,0,2,0,10.3,10.3,8.4,18.7,93,168,269,0.6,0.25,0.85,0.6,0.85,0.33,0.26,0.59,0.33,0.59
ENG-Premier League,2324,Manchester City,Rodri,ESP,MF,27,1996,34,34,2931,32.6,8,9,17,8,0,0,8,1,4.1,4.1,3.9,8.0,76,376,55,0.25,0.28,0.52,0.25,0.52,0.12,0.12,0.24,0.12,0.24
ENG-Premier League,2324,Manchester City,Rúben Dias,POR,DF,26,1997,30,28,2559,28.4,0,0,0,0,0,0,0,0,1.4,1.4,0.3,1.7,34,173,16,0.0,0.0,0.0,0.0,0.0,0.05,0.01,0.06,0.05,0.06
ENG-Premier League,2324,Manchester Utd,Alejandro Garnacho,ARG,FW,19,2004,36,30,2565,28.5,7,4,11,7,0,0,4,0,8.4,8.3,5.1,13.4,178,62,281,0.25,0.14,0.39,0.25,0.39,0.29,0.18,0.47,0.29,0.47
ENG-Premier League,2324,Manchester Utd,André Onana,CMR,GK,27,1996,38,38,3420,38.0,0,0,0,0,0,0,5,0,0.0,0.0,0.1,0.1,1,5,0,0.0,0.0,0.0,0.0,0.0,0.0,0.0,0.0,0.0,0.0
ENG-Premier League,2324,Manchester Utd,Bruno Fernandes,POR,"MF,FW",28,1994,35,35,3118,34.6,10,8,18,6,4,5,9,0,10.0,6.1,11.8,17.8,86,297,182,0.29,0.23,0.52,0.17,0.4,0.29,0.34,0.63,0.18,0.51
ENG-Premier League,2324,Manchester Utd,Diogo Dalot,POR,DF,24,1999,36,35,3174,35.3,2,3,5,2,0,0,6,1,1.7,1.7,2.9,4.6,52,124,111,0.06,0.09,0.14,0.06,0.14,0.05,0.08,0.13,0.05,0.13
ENG-Premier League,2324,Newcastle Utd,Anthony Gordon,ENG,FW,22,2001,35,34,2890,32.1,11,10,21,10,1,1,12,1,10.2,9.4,8.0,17.4,138,101,232,0.34,0.31,0.65,0.31,0.62,0.32,0.25,0.57,0.29,0.54
ENG-Premier League,2324,Newcastle Utd,Bruno Guimarães,BRA,MF,25,1997,37,37,3263,36.3,7,8,15,7,0,0,9,0,4.8,4.8,6.4,11.2,65,283,73,0.19,0.22,0.41,0.19,0.41,0.13,0.18,0.31,0.13,0.31
ENG-Premier League,2324,Newcastle Utd,Dan Burn,ENG,DF,31,1992,33,32,2726,30.3,2,2,4,2,0,0,4,0,3.1,3.1,1.1,4.2,14,75,25,0.07,0.07,0.13,0.07,0.13,0.1,0.04,0.14,0.1,0.14
ENG-Premier League,2324,Newcastle Utd,Fabian Schär,SUI,DF,31,1991,36,35,3054,33.9,4,1,5,4,0,0,5,0,2.5,2.5,0.7,3.3,28,133,20,0.12,0.03,0.15,0.12,0.15,0.07,0.02,0.1,0.07,0.1
ENG-Premier League,2324,Newcastle Utd,Sean Longstaff,ENG,MF,25,1997,35,30,2747,30.5,6,2,8,6,0,0,7,0,6.6,6.6,2.3,8.8,24,145,116,0.2,0.07,0.26,0.2,0.26,0.22,0.07,0.29,0.22,0.29
ENG-Premier League,2324,Nott'ham Forest,Anthony Elanga,SWE,"FW,MF",21,2002,36,25,2433,27.0,5,9,14,5,0,0,1,0,6.6,6.6,6.7,13.3,98,49,196,0.18,0.33,0.52,0.18,0.52,0.24,0.25,0.49,0.24,0.49
ENG-Premier League,2324,Nott'ham Forest,Morgan Gibbs-White,ENG,"MF,FW",23,2000,37,35,3156,35.1,5,10,15,4,1,1,9,0,6.9,6.1,8.4,14.5,79,171,181,0.14,0.29,0.43,0.11,0.4,0.2,0.24,0.44,0.17,0.41
ENG-Premier League,2324,Nott'ham Forest,Murillo,BRA,DF,21,2002,32,32,2789,31.0,0,2,2,0,0,0,5,0,1.8,1.8,1.2,3.0,22,89,7,0.0,0.06,0.06,0.0,0.06,0.06,0.04,0.1,0.06,0.1
ENG-Premier League,2324,Sheffield Utd,Anel Ahmedhodžić,BIH,DF,24,1999,31,29,2649,29.4,2,0,2,2,0,0,11,1,3.1,3.1,0.8,4.0,15,43,21,0.07,0.0,0.07,0.07,0.07,0.11,0.03,0.14,0.11,0.14
ENG-Premier League,2324,Sheffield Utd,Auston Trusty,USA,DF,24,1998,32,28,2572,28.6,0,0,0,0,0,0,4,0,0.4,0.4,1.1,1.5,10,40,15,0.0,0.0,0.0,0.0,0.0,0.01,0.04,0.05,0.01,0.05
ENG-Premier League,2324,Sheffield Utd,Gustavo Hamer,NED,MF,26,1997,36,34,2910,32.3,4,6,10,4,0,0,9,0,3.0,3.0,6.1,9.1,36,135,86,0.12,0.19,0.31,0.12,0.31,0.09,0.19,0.28,0.09,0.28
ENG-Premier League,2324,Sheffield Utd,Jack Robinson,ENG,DF,29,1993,34,31,2885,32.1,1,1,2,1,0,0,10,0,1.2,1.2,1.2,2.4,8,63,14,0.03,0.03,0.06,0.03,0.06,0.04,0.04,0.08,0.04,0.08
ENG-Premier League,2324,Sheffield Utd,Jayden Bogle,ENG,DF,23,2000,34,32,2788,31.0,3,0,3,3,0,0,9,0,2.3,2.3,1.0,3.3,38,60,92,0.1,0.0,0.1,0.1,0.1,0.07,0.03,0.11,0.07,0.11
ENG-Premier League,2324,Sheffield Utd,Vinicius Souza,BRA,MF,24,1999,36,29,2668,29.6,1,0,1,1,0,0,3,0,0.6,0.6,0.2,0.9,8,66,21,0.03,0.0,0.03,0.03,0.03,0.02,0.01,0.03,0.02,0.03
ENG-Premier League,2324,Sheffield Utd,Wes Foderingham,ENG,GK,32,1991,30,29,2649,29.4,0,0,0,0,0,0,2,0,0.0,0.0,0.1,0.1,0,0,0,0.0,0.0,0.0,0.0,0.0,0.0,0.0,0.0,0.0,0.0
ENG-Premier League,2324,Tottenham,Cristian Romero,ARG,DF,25,1998,33,33,2790,31.0,5,0,5,5,0,0,7,1,3.5,3.5,0.4,3.9,32,179,8,0.16,0.0,0.16,0.16,0.16,0.11,0.01,0.13,0.11,0.13
ENG-Premier League,2324,Tottenham,Dejan Kulusevski,SWE,"FW,MF",23,2000,36,31,2762,30.7,8,3,11,8,0,0,7,0,4.7,4.7,7.7,12.4,151,144,388,0.26,0.1,0.36,0.26,0.36,0.15,0.25,0.4,0.15,0.4
ENG-Premier League,2324,Tottenham,Destiny Udogie,ITA,DF,20,2002,28,28,2391,26.6,2,3,5,2,0,0,7,1,2.4,2.4,2.2,4.6,83,155,138,0.08,0.11,0.19,0.08,0.19,0.09,0.08,0.17,0.09,0.17
ENG-Premier League,2324,Tottenham,Guglielmo Vicario,ITA,GK,26,1996,38,38,3420,38.0,0,0,0,0,0,0,2,0,0.0,0.0,0.0,0.0,0,3,0,0.0,0.0,0.0,0.0,0.0,0.0,0.0,0.0,0.0,0.0
ENG-Premier League,2324,Tottenham,Micky van de Ven,NED,DF,22,2001,27,27,2339,26.0,3,0,3,3,0,0,5,0,0.6,0.6,0.0,0.6,19,108,9,0.12,0.0,0.12,0.12,0.12,0.02,0.0,0.02,0.02,0.02
ENG-Premier League,2324,Tottenham,Pedro Porro,ESP,DF,23,1999,35,35,3089,34.3,3,7,10,3,0,0,3,0,2.9,2.9,7.2,10.1,57,194,158,0.09,0.2,0.29,0.09,0.29,0.09,0.21,0.3,0.09,0.3
ENG-Premier League,2324,Tottenham,Son Heung-min,KOR,FW,31,1992,35,34,2934,32.6,17,10,27,15,2,2,1,0,12.0,10.4,11.8,22.2,119,139,325,0.52,0.31,0.83,0.46,0.77,0.37,0.36,0.73,0.32,0.68
ENG-Premier League,2324,West Ham,Alphonse Areola,FRA,GK,30,1993,31,31,2699,30.0,0,0,0,0,0,0,1,0,0.0,0.0,0.0,0.0,0,1,0,0.0,0.0,0.0,0.0,0.0,0.0,0.0,0.0,0.0,0.0
ENG-Premier League,2324,West Ham,Edson Álvarez,MEX,MF,25,1997,31,28,2377,26.4,1,1,2,1,0,0,11,0,1.3,1.3,0.6,1.9,20,91,26,0.04,0.04,0.08,0.04,0.08,0.05,0.02,0.07,0.05,0.07
ENG-Premier League,2324,West Ham,Emerson Palmieri,ITA,DF,28,1994,36,35,3137,34.9,1,2,3,1,0,0,10,0,1.5,1.5,2.4,3.9,59,125,124,0.03,0.06,0.09,0.03,0.09,0.04,0.07,0.11,0.04,0.11
ENG-Premier League,2324,West Ham,James Ward-Prowse,ENG,MF,28,1994,37,34,3001,33.3,7,7,14,5,2,2,4,0,6.0,4.4,7.8,12.3,18,144,63,0.21,0.21,0.42,0.15,0.36,0.18,0.23,0.41,0.13,0.37
ENG-Premier League,2324,West Ham,Jarrod Bowen,ENG,FW,26,1996,34,34,3019,33.5,16,6,22,16,0,0,2,0,11.6,11.6,5.5,17.2,90,52,186,0.48,0.18,0.66,0.48,0.66,0.35,0.16,0.51,0.35,0.51
ENG-Premier League,2324,West Ham,Kurt Zouma,FRA,DF,28,1994,33,32,2838,31.5,3,0,3,3,0,0,3,0,1.8,1.8,0.2,2.0,7,53,1,0.1,0.0,0.1,0.1,0.1,0.06,0.01,0.06,0.06,0.06
ENG-Premier League,2324,West Ham,Lucas Paquetá,BRA,"FW,MF",25,1997,31,31,2622,29.1,4,6,10,2,2,2,10,0,5.4,3.8,5.4,9.2,34,187,116,0.14,0.21,0.34,0.07,0.27,0.18,0.18,0.37,0.13,0.32
ENG-Premier League,2324,West Ham,Mohammed Kudus,GHA,"FW,MF",22,2000,33,27,2484,27.6,8,6,14,8,0,0,6,0,5.1,5.1,3.5,8.6,117,80,216,0.29,0.22,0.51,0.29,0.51,0.19,0.13,0.31,0.19,0.31
ENG-Premier League,2324,West Ham,Tomáš Souček,CZE,MF,28,1995,37,34,2870,31.9,7,2,9,7,0,0,7,0,6.7,6.7,1.7,8.4,7,86,39,0.22,0.06,0.28,0.22,0.28,0.21,0.05,0.26,0.21,0.26
ENG-Premier League,2324,West Ham,Vladimír Coufal,CZE,DF,30,1992,36,36,3132,34.8,0,7,7,0,0,0,7,1,0.3,0.3,4.0,4.3,68,119,126,0.0,0.2,0.2,0.0,0.2,0.01,0.11,0.12,0.01,0.12
ENG-Premier League,2324,Wolves,José Sá,POR,GK,30,1993,35,35,3037,33.7,0,1,1,0,0,0,1,0,0.0,0.0,0.0,0.0,0,1,0,0.0,0.03,0.03,0.0,0.03,0.0,0.0,0.0,0.0,0.0
ENG-Premier League,2324,Wolves,João Gomes,BRA,MF,22,2001,34,32,2649,29.4,2,1,3,2,0,0,11,0,1.7,1.7,1.1,2.8,28,101,44,0.07,0.03,0.1,0.07,0.1,0.06,0.04,0.1,0.06,0.1
ENG-Premier League,2324,Wolves,Mario Lemina,GAB,MF,29,1993,35,34,2968,33.0,4,1,5,4,0,0,12,1,4.6,4.6,1.5,6.2,32,76,49,0.12,0.03,0.15,0.12,0.15,0.14,0.05,0.19,0.14,0.19
ENG-Premier League,2324,Wolves,Matheus Cunha,BRA,"FW,MF",24,1999,32,29,2440,27.1,12,7,19,11,1,1,9,0,9.5,8.7,3.2,11.9,107,87,139,0.44,0.26,0.7,0.41,0.66,0.35,0.12,0.47,0.32,0.44
ENG-Premier League,2324,Wolves,Max Kilman,ENG,DF,26,1997,38,38,3420,38.0,2,0,2,2,0,0,7,0,1.8,1.8,1.4,3.2,22,117,5,0.05,0.0,0.05,0.05,0.05,0.05,0.04,0.08,0.05,0.08
ENG-Premier League,2324,Wolves,Nélson Semedo,POR,"DF,MF",29,1993,36,36,3084,34.3,0,1,1,0,0,0,10,1,1.3,1.3,1.7,3.0,103,138,150,0.0,0.03,0.03,0.0,0.03,0.04,0.05,0.09,0.04,0.09
ENG-Premier League,2324,Wolves,Rayan Aït-Nouri,ALG,"DF,MF",22,2001,33,29,2329,25.9,2,1,3,2,0,0,7,0,3.3,3.3,2.4,5.6,67,99,99,0.08,0.04,0.12,0.08,0.12,0.13,0.09,0.22,0.13,0.22
ENG-Premier League,2324,Wolves,Toti Gomes,POR,DF,24,1999,35,31,2772,30.8,1,3,4,1,0,0,7,0,1.6,1.6,1.2,2.8,22,79,11,0.03,0.1,0.13,0.03,0.13,0.05,0.04,0.09,0.05,0.09
